{
  "creator": "Yosys 0.47+116 (git sha1 4b3c03dab, clang++ 18.1.8 -fPIC -O3)",
  "modules": {
    "sequence_detector_110": {
      "attributes": {
        "src": "/home/owais/OpenROAD-flow-scripts/flow/designs/src/sequence_detector_110/sequence_detector_110.v:2.1-62.10",
        "top": "00000000000000000000000000000001",
        "hdlname": "sequence_detector_110"
      },
      "parameter_default_values": {
        "S0": "00",
        "S1": "10",
        "S2": "01",
        "S3": "11"
      },
      "ports": {
        "clk_i": {
          "direction": "input",
          "bits": [ 2 ]
        },
        "reset_i": {
          "direction": "input",
          "bits": [ 3 ]
        },
        "seq_in": {
          "direction": "input",
          "bits": [ 4 ]
        },
        "detect": {
          "direction": "output",
          "bits": [ 5 ]
        }
      },
      "cells": {
        "$auto$fsm_map.cc:105:implement_pattern_cache$65": {
          "hide_name": 1,
          "type": "$reduce_or",
          "parameters": {
            "A_SIGNED": "00000000000000000000000000000000",
            "A_WIDTH": "00000000000000000000000000000011",
            "Y_WIDTH": "00000000000000000000000000000001"
          },
          "attributes": {
          },
          "port_directions": {
            "A": "input",
            "Y": "output"
          },
          "connections": {
            "A": [ 6, 7, 8 ],
            "Y": [ 9 ]
          }
        },
        "$auto$fsm_map.cc:105:implement_pattern_cache$74": {
          "hide_name": 1,
          "type": "$reduce_or",
          "parameters": {
            "A_SIGNED": "00000000000000000000000000000000",
            "A_WIDTH": "00000000000000000000000000000010",
            "Y_WIDTH": "00000000000000000000000000000001"
          },
          "attributes": {
          },
          "port_directions": {
            "A": "input",
            "Y": "output"
          },
          "connections": {
            "A": [ 6, 8 ],
            "Y": [ 10 ]
          }
        },
        "$auto$fsm_map.cc:105:implement_pattern_cache$80": {
          "hide_name": 1,
          "type": "$reduce_or",
          "parameters": {
            "A_SIGNED": "00000000000000000000000000000000",
            "A_WIDTH": "00000000000000000000000000000010",
            "Y_WIDTH": "00000000000000000000000000000001"
          },
          "attributes": {
          },
          "port_directions": {
            "A": "input",
            "Y": "output"
          },
          "connections": {
            "A": [ 7, 11 ],
            "Y": [ 12 ]
          }
        },
        "$auto$fsm_map.cc:121:implement_pattern_cache$67": {
          "hide_name": 1,
          "type": "$and",
          "parameters": {
            "A_SIGNED": "00000000000000000000000000000000",
            "A_WIDTH": "00000000000000000000000000000001",
            "B_SIGNED": "00000000000000000000000000000000",
            "B_WIDTH": "00000000000000000000000000000001",
            "Y_WIDTH": "00000000000000000000000000000001"
          },
          "attributes": {
          },
          "port_directions": {
            "A": "input",
            "B": "input",
            "Y": "output"
          },
          "connections": {
            "A": [ 13 ],
            "B": [ 9 ],
            "Y": [ 14 ]
          }
        },
        "$auto$fsm_map.cc:121:implement_pattern_cache$76": {
          "hide_name": 1,
          "type": "$and",
          "parameters": {
            "A_SIGNED": "00000000000000000000000000000000",
            "A_WIDTH": "00000000000000000000000000000001",
            "B_SIGNED": "00000000000000000000000000000000",
            "B_WIDTH": "00000000000000000000000000000001",
            "Y_WIDTH": "00000000000000000000000000000001"
          },
          "attributes": {
          },
          "port_directions": {
            "A": "input",
            "B": "input",
            "Y": "output"
          },
          "connections": {
            "A": [ 15 ],
            "B": [ 10 ],
            "Y": [ 16 ]
          }
        },
        "$auto$fsm_map.cc:121:implement_pattern_cache$82": {
          "hide_name": 1,
          "type": "$and",
          "parameters": {
            "A_SIGNED": "00000000000000000000000000000000",
            "A_WIDTH": "00000000000000000000000000000001",
            "B_SIGNED": "00000000000000000000000000000000",
            "B_WIDTH": "00000000000000000000000000000001",
            "Y_WIDTH": "00000000000000000000000000000001"
          },
          "attributes": {
          },
          "port_directions": {
            "A": "input",
            "B": "input",
            "Y": "output"
          },
          "connections": {
            "A": [ 15 ],
            "B": [ 12 ],
            "Y": [ 17 ]
          }
        },
        "$auto$fsm_map.cc:121:implement_pattern_cache$86": {
          "hide_name": 1,
          "type": "$and",
          "parameters": {
            "A_SIGNED": "00000000000000000000000000000000",
            "A_WIDTH": "00000000000000000000000000000001",
            "B_SIGNED": "00000000000000000000000000000000",
            "B_WIDTH": "00000000000000000000000000000001",
            "Y_WIDTH": "00000000000000000000000000000001"
          },
          "attributes": {
          },
          "port_directions": {
            "A": "input",
            "B": "input",
            "Y": "output"
          },
          "connections": {
            "A": [ 13 ],
            "B": [ 11 ],
            "Y": [ 18 ]
          }
        },
        "$auto$fsm_map.cc:144:implement_pattern_cache$70": {
          "hide_name": 1,
          "type": "$reduce_or",
          "parameters": {
            "A_SIGNED": "00000000000000000000000000000000",
            "A_WIDTH": "00000000000000000000000000000010",
            "Y_WIDTH": "00000000000000000000000000000001"
          },
          "attributes": {
          },
          "port_directions": {
            "A": "input",
            "Y": "output"
          },
          "connections": {
            "A": [ 3, 14 ],
            "Y": [ 19 ]
          }
        },
        "$auto$fsm_map.cc:172:map_fsm$59": {
          "hide_name": 1,
          "type": "$dff",
          "parameters": {
            "CLK_POLARITY": "1",
            "WIDTH": "00000000000000000000000000000100"
          },
          "attributes": {
          },
          "port_directions": {
            "CLK": "input",
            "D": "input",
            "Q": "output"
          },
          "connections": {
            "CLK": [ 2 ],
            "D": [ 19, 16, 17, 18 ],
            "Q": [ 6, 7, 11, 8 ]
          }
        },
        "$auto$fsm_map.cc:77:implement_pattern_cache$78": {
          "hide_name": 1,
          "type": "$eq",
          "parameters": {
            "A_SIGNED": "00000000000000000000000000000000",
            "A_WIDTH": "00000000000000000000000000000010",
            "B_SIGNED": "00000000000000000000000000000000",
            "B_WIDTH": "00000000000000000000000000000010",
            "Y_WIDTH": "00000000000000000000000000000001"
          },
          "attributes": {
          },
          "port_directions": {
            "A": "input",
            "B": "input",
            "Y": "output"
          },
          "connections": {
            "A": [ 3, 4 ],
            "B": [ "0", "1" ],
            "Y": [ 15 ]
          }
        },
        "$auto$fsm_map.cc:77:implement_pattern_cache$84": {
          "hide_name": 1,
          "type": "$logic_not",
          "parameters": {
            "A_SIGNED": "00000000000000000000000000000000",
            "A_WIDTH": "00000000000000000000000000000010",
            "Y_WIDTH": "00000000000000000000000000000001"
          },
          "attributes": {
          },
          "port_directions": {
            "A": "input",
            "Y": "output"
          },
          "connections": {
            "A": [ 3, 4 ],
            "Y": [ 13 ]
          }
        },
        "$auto$opt_reduce.cc:131:opt_pmux$48": {
          "hide_name": 1,
          "type": "$reduce_or",
          "parameters": {
            "A_SIGNED": "00000000000000000000000000000000",
            "A_WIDTH": "00000000000000000000000000000011",
            "Y_WIDTH": "00000000000000000000000000000001"
          },
          "attributes": {
          },
          "port_directions": {
            "A": "input",
            "Y": "output"
          },
          "connections": {
            "A": [ 6, 7, 11 ],
            "Y": [ 20 ]
          }
        },
        "$procmux$39": {
          "hide_name": 1,
          "type": "$pmux",
          "parameters": {
            "S_WIDTH": "00000000000000000000000000000010",
            "WIDTH": "00000000000000000000000000000001"
          },
          "attributes": {
            "full_case": "00000000000000000000000000000001",
            "src": "/home/owais/OpenROAD-flow-scripts/flow/designs/src/sequence_detector_110/sequence_detector_110.v:0.0-0.0|/home/owais/OpenROAD-flow-scripts/flow/designs/src/sequence_detector_110/sequence_detector_110.v:25.7-58.14"
          },
          "port_directions": {
            "A": "input",
            "B": "input",
            "S": "input",
            "Y": "output"
          },
          "connections": {
            "A": [ "x" ],
            "B": [ "1", "0" ],
            "S": [ 8, 20 ],
            "Y": [ 5 ]
          }
        }
      },
      "netnames": {
        "$auto$fsm_map.cc:102:implement_pattern_cache$64": {
          "hide_name": 1,
          "bits": [ 9 ],
          "attributes": {
          }
        },
        "$auto$fsm_map.cc:102:implement_pattern_cache$73": {
          "hide_name": 1,
          "bits": [ 10 ],
          "attributes": {
          }
        },
        "$auto$fsm_map.cc:102:implement_pattern_cache$79": {
          "hide_name": 1,
          "bits": [ 12 ],
          "attributes": {
          }
        },
        "$auto$fsm_map.cc:118:implement_pattern_cache$66": {
          "hide_name": 1,
          "bits": [ 14 ],
          "attributes": {
          }
        },
        "$auto$fsm_map.cc:118:implement_pattern_cache$75": {
          "hide_name": 1,
          "bits": [ 16 ],
          "attributes": {
          }
        },
        "$auto$fsm_map.cc:118:implement_pattern_cache$81": {
          "hide_name": 1,
          "bits": [ 17 ],
          "attributes": {
          }
        },
        "$auto$fsm_map.cc:118:implement_pattern_cache$85": {
          "hide_name": 1,
          "bits": [ 18 ],
          "attributes": {
          }
        },
        "$auto$fsm_map.cc:170:map_fsm$58": {
          "hide_name": 1,
          "bits": [ 19, 16, 17, 18 ],
          "attributes": {
          }
        },
        "$auto$fsm_map.cc:74:implement_pattern_cache$62": {
          "hide_name": 1,
          "bits": [ 13 ],
          "attributes": {
          }
        },
        "$auto$fsm_map.cc:74:implement_pattern_cache$71": {
          "hide_name": 1,
          "bits": [ 15 ],
          "attributes": {
          }
        },
        "$auto$opt_reduce.cc:137:opt_pmux$49": {
          "hide_name": 1,
          "bits": [ 20 ],
          "attributes": {
          }
        },
        "clk_i": {
          "hide_name": 0,
          "bits": [ 2 ],
          "attributes": {
            "src": "/home/owais/OpenROAD-flow-scripts/flow/designs/src/sequence_detector_110/sequence_detector_110.v:11.9-11.14"
          }
        },
        "current_state": {
          "hide_name": 0,
          "bits": [ 6, 7, 11, 8 ],
          "attributes": {
            "onehot": "00000000000000000000000000000001"
          }
        },
        "detect": {
          "hide_name": 0,
          "bits": [ 5 ],
          "attributes": {
            "src": "/home/owais/OpenROAD-flow-scripts/flow/designs/src/sequence_detector_110/sequence_detector_110.v:12.14-12.20"
          }
        },
        "reset_i": {
          "hide_name": 0,
          "bits": [ 3 ],
          "attributes": {
            "src": "/home/owais/OpenROAD-flow-scripts/flow/designs/src/sequence_detector_110/sequence_detector_110.v:11.15-11.22"
          }
        },
        "seq_in": {
          "hide_name": 0,
          "bits": [ 4 ],
          "attributes": {
            "src": "/home/owais/OpenROAD-flow-scripts/flow/designs/src/sequence_detector_110/sequence_detector_110.v:11.23-11.29"
          }
        }
      }
    }
  }
}
