{
    "synth__design__instance__area__stdcell": {
        "value": 3395.76,
        "compare": "<="
    },
    "constraints__clocks__count": {
        "value": 1,
        "compare": "=="
    },
    "placeopt__design__instance__area": {
        "value": 4007,
        "compare": "<="
    },
    "placeopt__design__instance__count__stdcell": {
        "value": 621,
        "compare": "<="
    },
    "detailedplace__design__violations": {
        "value": 0,
        "compare": "=="
    },
    "cts__design__instance__count__setup_buffer": {
        "value": 59,
        "compare": "<="
    },
    "cts__design__instance__count__hold_buffer": {
        "value": 54,
        "compare": "<="
    },
    "globalroute__antenna_diodes_count": {
        "value": 0,
        "compare": "<="
    },
    "detailedroute__route__wirelength": {
        "value": 14137,
        "compare": "<="
    },
    "detailedroute__route__drc_errors": {
        "value": 0,
        "compare": "<="
    },
    "detailedroute__antenna__violating__nets": {
        "value": 0,
        "compare": "<="
    },
    "detailedroute__antenna_diodes_count": {
        "value": 0,
        "compare": "<="
    },
    "finish__timing__setup__ws": {
        "value": -0.96,
        "compare": ">="
    },
    "finish__design__instance__area": {
        "value": 5256,
        "compare": "<="
    },
    "finish__timing__drv__setup_violation_count": {
        "value": 40,
        "compare": "<="
    },
    "finish__timing__drv__hold_violation_count": {
        "value": 100,
        "compare": "<="
    },
    "finish__timing__wns_percent_delay": {
        "value": -45.58,
        "compare": ">="
    }
}